{
    "js/CMTV/Math/insert-math-button.js": "7aa5aff649da23e33aa86167fd22502aaa099edb4936a9ba7d0bc0d694eca4a6",
    "js/CMTV/Math/insert-math-button.min.js": "21de20cf59ee53e92d523ade98ec0f9281f9272cb7d8dd029a151057469672a8",
    "js/CMTV/Math/insert-math-dialog.js": "98a369ac02d8aec7812a2dda3f19baea6dd4742e2244abac4b0a7f6f6ce7f26e",
    "js/CMTV/Math/insert-math-dialog.min.js": "6347a30fb427b146157ae7ea43ecaa59dee46920f8e3985c1e1eebb050d80607",
    "src/addons/CMTV/Math/addon.json": "f3ea7c15699760dc0c607547f674dc88be56c31de3bee9681d1bdbfa7c84cf32",
    "src/addons/CMTV/Math/EventListener.php": "b53fab820830fbc378cfcbc01a90a538a9b25d83ff003a66444f2bbcb7563aa7",
    "src/addons/CMTV/Math/_data/activity_summary_definitions.xml": "99d8c2563a31320d66f958fc8bda78613545f5f7959bb3cf5318805e3a3c39d2",
    "src/addons/CMTV/Math/_data/admin_navigation.xml": "064ec797484ac00d5ee37367b50b06846d11f480d00550997712707f8fdac8c0",
    "src/addons/CMTV/Math/_data/admin_permission.xml": "ec6fb97cebf0bceb24f1ed1d5778c1db54eeb7535fbb3e31d824840e7aa9ff87",
    "src/addons/CMTV/Math/_data/advertising_positions.xml": "d2f7cbe844bb1df3cf878d22ff6306249245c8ff6b0b87b9b729744bec538261",
    "src/addons/CMTV/Math/_data/api_scopes.xml": "6793eaf758f140e8137187ba20e65f4faccf53410433ae3ad7a8b3b38cb6b3b7",
    "src/addons/CMTV/Math/_data/bb_codes.xml": "faa4ddd5f4a365e5ac39aebdcbe2d25aedf74e7eb9ea4a812766e2fd5e13bdb1",
    "src/addons/CMTV/Math/_data/bb_code_media_sites.xml": "29762987990187b33e43cfb68c08dc917b2d3f0176613d78f8e6c453f82da3f3",
    "src/addons/CMTV/Math/_data/class_extensions.xml": "1f548b8006e9952a3f5889f71e09fdfa6726ac1a47c1af7b2626d1a88920d5a4",
    "src/addons/CMTV/Math/_data/code_events.xml": "8370dec3df47f91df4cf79da253446ad11b29f4ea568fe76c774e97a0379f0eb",
    "src/addons/CMTV/Math/_data/code_event_listeners.xml": "4b98790957e83166329edfeb48bcd3cbb2058b9acbe6728c65a596c355612b77",
    "src/addons/CMTV/Math/_data/content_type_fields.xml": "c7ad5472b28f465b7ac7617627707eba1b7a39d28089460d52e1ed292fc0b06a",
    "src/addons/CMTV/Math/_data/cron.xml": "323c4284742ef24329cd6db6f288eb9736d2353f36852e1db12591e1583aea26",
    "src/addons/CMTV/Math/_data/help_pages.xml": "a8a0c0b06cdc550438bc8a8d385af3e1e5ab3459877dfb934c1c31be59c89163",
    "src/addons/CMTV/Math/_data/member_stats.xml": "89fb2b93ff1eca7a1f6f752248edf6090dfd24037db1446fd18ff7143f08124d",
    "src/addons/CMTV/Math/_data/navigation.xml": "f75e1c03a45a360bbdfcd0567121665082315068475d5b0feb8b1acbb1688651",
    "src/addons/CMTV/Math/_data/options.xml": "1cea29aa5671733d85c8fc6f7c66128eacbca5643cbb38585eb82002879b51a4",
    "src/addons/CMTV/Math/_data/option_groups.xml": "154d7a89664b243d0bd8227c22e241f934bf7e196c83230ee23d3c0c4fba1333",
    "src/addons/CMTV/Math/_data/permissions.xml": "7e4fc7d5826733d15ea2d8936b9bdd41afcaad810eb38e50da3c8d8eafda1550",
    "src/addons/CMTV/Math/_data/permission_interface_groups.xml": "3177224e96458b829aa7fb24866dda9e0455a4922aee3d669b53f59a1ffdf5d1",
    "src/addons/CMTV/Math/_data/phrases.xml": "676dd078de53a1d57e9d32b0d770869325d98a766d5994945aa4d8319c17d961",
    "src/addons/CMTV/Math/_data/routes.xml": "550fa64f9feedf137dd877b38c2684f94474619d2d83890dbb717a91b50da8f5",
    "src/addons/CMTV/Math/_data/style_properties.xml": "8b8690a8512f01f219dd2da76e3d0c5f62afc1f317b87794a7331c859c36a7a8",
    "src/addons/CMTV/Math/_data/style_property_groups.xml": "68e1879cb3846c42d978487aa8d5145ff3335fc39e58016878824d5cf3fd684c",
    "src/addons/CMTV/Math/_data/templates.xml": "ba22cd79ef9ab9cd7bbfa7fd93805c05d2f2283d43587945a844a8cc139a9053",
    "src/addons/CMTV/Math/_data/template_modifications.xml": "7d997d86b0f51ad39882094bf84bd89bf7c4c2171e65e56285d5b6df8a7ca3a2",
    "src/addons/CMTV/Math/_data/widget_definitions.xml": "37e46965256430f24004c2e7f08ba08f9b0d1cbcc4d70e84b3f4e3ffb713e64b",
    "src/addons/CMTV/Math/_data/widget_positions.xml": "a29cee66134f6bc5d75ed9df1eef21096c24401915c5b5c774389c3d7bb2d5b3"
}