{
    "js/CMTV/Math/core.extend.js": "d18ed278cfffb886679ad3a74fa3adf75df32520f82fa8b9e58eadf79f83010a",
    "js/CMTV/Math/core.extend.min.js": "f44bd8a162ad1117a43095ebdaf2f896b8b5adf330ec166a67e51738feddfe65",
    "js/CMTV/Math/insert-math-button.js": "c1ae42ea72cabbcabb97d99c0a2804b8e9f827c193f006f22c783ce103ecd7cb",
    "js/CMTV/Math/insert-math-button.min.js": "989985be7922ff00e002e44bddedac9829bb92574a26a057d1d1b9c5d3219ac1",
    "js/CMTV/Math/insert-math-form.js": "0216ff64cc32522af1aca8a6fe93ba485fc6efb7e1ec4f856440e24f89c4c804",
    "js/CMTV/Math/insert-math-form.min.js": "080d88ada479bdc4403c4f2e5254f8fad80d405dda275c1b45c3f611255d9dd5",
    "js/CMTV/Math/selector-resolver.js": "65af3c62fdce55f79493cc5f4760eab0717de68edf7a5897737caa2747c4197c",
    "js/CMTV/Math/selector-resolver.min.js": "b5d612171c4afe74f238ee34543b666d75d9b8f44acaff26c570b6f77796cc16",
    "src/addons/CMTV/Math/addon.json": "20fd3e3cfd1f5039150eb55d7129109a868a7495dc4f56d1e5be401dcd311694",
    "src/addons/CMTV/Math/EventsListener.php": "62cf705640d58bc44553b0e1bd3368af667d328c7bc84fb189ba60f03497f6a6",
    "src/addons/CMTV/Math/Option/SelectorsArray.php": "9c2e029ad8e5d2d7c76e502790a2406720af531fb25b52e7806c9fa7c4f795ce",
    "src/addons/CMTV/Math/Setup.php": "438b7360ba641d1cf8f421bf290213453a2af0056b70b8de2e364c356169f485",
    "src/addons/CMTV/Math/_data/admin_navigation.xml": "064ec797484ac00d5ee37367b50b06846d11f480d00550997712707f8fdac8c0",
    "src/addons/CMTV/Math/_data/admin_permission.xml": "ec6fb97cebf0bceb24f1ed1d5778c1db54eeb7535fbb3e31d824840e7aa9ff87",
    "src/addons/CMTV/Math/_data/advertising_positions.xml": "d2f7cbe844bb1df3cf878d22ff6306249245c8ff6b0b87b9b729744bec538261",
    "src/addons/CMTV/Math/_data/api_scopes.xml": "6793eaf758f140e8137187ba20e65f4faccf53410433ae3ad7a8b3b38cb6b3b7",
    "src/addons/CMTV/Math/_data/bb_codes.xml": "faa4ddd5f4a365e5ac39aebdcbe2d25aedf74e7eb9ea4a812766e2fd5e13bdb1",
    "src/addons/CMTV/Math/_data/bb_code_media_sites.xml": "29762987990187b33e43cfb68c08dc917b2d3f0176613d78f8e6c453f82da3f3",
    "src/addons/CMTV/Math/_data/class_extensions.xml": "1f548b8006e9952a3f5889f71e09fdfa6726ac1a47c1af7b2626d1a88920d5a4",
    "src/addons/CMTV/Math/_data/code_events.xml": "8370dec3df47f91df4cf79da253446ad11b29f4ea568fe76c774e97a0379f0eb",
    "src/addons/CMTV/Math/_data/code_event_listeners.xml": "0479960f9b7e4865070d8c0f8b4771161a6f103285424a94c0b1d0508aa413d7",
    "src/addons/CMTV/Math/_data/content_type_fields.xml": "c7ad5472b28f465b7ac7617627707eba1b7a39d28089460d52e1ed292fc0b06a",
    "src/addons/CMTV/Math/_data/cron.xml": "323c4284742ef24329cd6db6f288eb9736d2353f36852e1db12591e1583aea26",
    "src/addons/CMTV/Math/_data/help_pages.xml": "a8a0c0b06cdc550438bc8a8d385af3e1e5ab3459877dfb934c1c31be59c89163",
    "src/addons/CMTV/Math/_data/member_stats.xml": "89fb2b93ff1eca7a1f6f752248edf6090dfd24037db1446fd18ff7143f08124d",
    "src/addons/CMTV/Math/_data/navigation.xml": "f75e1c03a45a360bbdfcd0567121665082315068475d5b0feb8b1acbb1688651",
    "src/addons/CMTV/Math/_data/options.xml": "d12279bf4aec1df348e76f8b33d1a450cce9d6121ee476a480ec6854f29ae1c4",
    "src/addons/CMTV/Math/_data/option_groups.xml": "9dfb8dd517140634d38d6ad72714a82556c5f6fb588bb270cbc5b67dfa57fe8f",
    "src/addons/CMTV/Math/_data/permissions.xml": "7e4fc7d5826733d15ea2d8936b9bdd41afcaad810eb38e50da3c8d8eafda1550",
    "src/addons/CMTV/Math/_data/permission_interface_groups.xml": "3177224e96458b829aa7fb24866dda9e0455a4922aee3d669b53f59a1ffdf5d1",
    "src/addons/CMTV/Math/_data/phrases.xml": "65ba399da385465ca5403d74141923121d5a005941f25900e87ce13d92189443",
    "src/addons/CMTV/Math/_data/routes.xml": "550fa64f9feedf137dd877b38c2684f94474619d2d83890dbb717a91b50da8f5",
    "src/addons/CMTV/Math/_data/style_properties.xml": "8b8690a8512f01f219dd2da76e3d0c5f62afc1f317b87794a7331c859c36a7a8",
    "src/addons/CMTV/Math/_data/style_property_groups.xml": "68e1879cb3846c42d978487aa8d5145ff3335fc39e58016878824d5cf3fd684c",
    "src/addons/CMTV/Math/_data/templates.xml": "b2c44e9d2e87c51158e3774fa15239002f89b6545cd5c2d62dda0230507f66a1",
    "src/addons/CMTV/Math/_data/template_modifications.xml": "cc0a313cbf14e969d3428758d998b175c6b3cf26631675d5e2dd9fdc2faa3f62",
    "src/addons/CMTV/Math/_data/widget_definitions.xml": "37e46965256430f24004c2e7f08ba08f9b0d1cbcc4d70e84b3f4e3ffb713e64b",
    "src/addons/CMTV/Math/_data/widget_positions.xml": "a29cee66134f6bc5d75ed9df1eef21096c24401915c5b5c774389c3d7bb2d5b3"
}