<?xml version="1.0" encoding="utf-8"?>
<phrases>
  <phrase title="CMTV_Math_block" version_id="1000070" version_string="1.0.0"><![CDATA[Block]]></phrase>
  <phrase title="CMTV_Math_incorrect_latex_input" version_id="1000070" version_string="1.0.0"><![CDATA[Incorrect latex input!]]></phrase>
  <phrase title="CMTV_Math_inline" version_id="1000070" version_string="1.0.0"><![CDATA[Inline]]></phrase>
  <phrase title="CMTV_Math_insert_math" version_id="1000070" version_string="1.0.0"><![CDATA[Insert math]]></phrase>
  <phrase title="CMTV_Math_latex_input" version_id="1000070" version_string="1.0.0"><![CDATA[LaTeX input]]></phrase>
  <phrase title="CMTV_Math_latex_input_explain" version_id="1000070" version_string="1.0.0"><![CDATA[<a href="https://www.latex-tutorial.com/tutorials/amsmath/" target="_blank">How to write math using LaTeX?</a> • <a href="https://katex.org/docs/supported.html" target="_blank">List of supported functions</a>]]></phrase>
  <phrase title="CMTV_Math_preview" version_id="1000070" version_string="1.0.0"><![CDATA[Preview]]></phrase>
  <phrase title="CMTV_Math_start_typing_math" version_id="1000070" version_string="1.0.0"><![CDATA[Start typing math in "LaTeX input"...]]></phrase>
  <phrase title="CMTV_Math_type" version_id="1000070" version_string="1.0.0"><![CDATA[Type]]></phrase>
  <phrase title="CMTV_Math_type_explain" version_id="1000070" version_string="1.0.0"><![CDATA[Inline math is smaller and should be used inside the plain text. Block math is bigger and should be used for big equations and formulas. It also creates line breaks before and after.]]></phrase>
</phrases>
