<?xml version="1.0" encoding="utf-8"?>
<templates>
  <template type="public" title="CMTV_Math.less" version_id="1000070" version_string="1.0.0"><![CDATA[//
// Katex settings
//

 .katex-display
{
	margin: 0;
	.base { margin: 15px/2.2 0; }
}

.katex > .katex-html
{
	white-space: normal;
}


//
// "Insert math" dialog
//

._fadeInOut()
{
	opacity: 0;
	transition: opacity .2s;
	&.showing
	{
		opacity: 1;
	}
}

#editor_math_form
{	
	.preview-loading,
	.preview-container
	{
		._fadeInOut();
	}
	
	.preview-loading
	{
		margin-right: 5px;
	}
	
	.preview-container
	{
		display: flex;
		align-items: center;
		justify-content: center;
		
		min-height: 100px;
		
		.empty, .error
		{
			font-size: 120%;
			color: @xf-textColorMuted;
		}
		
		.error
		{
			color: @xf-errorColor;
		}
		
		.preview
		{
			//overflow: auto;
		}
	}
}]]></template>
  <template type="public" title="CMTV_Math_insert_math_dialog" version_id="1000070" version_string="1.0.0"><![CDATA[<xf:title>{{ phrase('CMTV_Math_insert_math') }}</xf:title>

<xf:js src="CMTV/Math/insert-math-dialog.js" min="1" addon="CMTV/Math" />

<form class="block" id="editor_math_form" data-xf-init="insert-math-form">
	<div class="block-container">
		<div class="block-body">
			<xf:radiorow name="math_type" label="{{ phrase('CMTV_Math_type') }}" explain="{{ phrase('CMTV_Math_type_explain') }}">
				<xf:option value="block" checked="checked" label="{{ phrase('CMTV_Math_block') }}" />
				<xf:option value="inline" label="{{ phrase('CMTV_Math_inline') }}" />
			</xf:radiorow>
			
			<xf:textarearow name="latex_input" rows="2" autosize="true" autofocus="1"
							label="{{ phrase('CMTV_Math_latex_input') }}" explain="{{ phrase('CMTV_Math_latex_input_explain') }}" />
		
			<h2 class="block-formSectionHeader">
				<span class="block-formSectionHeader-aligner">
					<span class="preview-loading"><xf:fa icon="fa-sync-alt fa-spin" /></span>
					{{ phrase('CMTV_Math_preview') }}
				</span>
			</h2>
			
			<div class="preview-container showing">
				<div class="preview">Preview</div>
				<div class="error">{{ phrase('CMTV_Math_incorrect_latex_input') }}</div>
				<div class="empty">{{ phrase('CMTV_Math_start_typing_math') }}</div>
			</div>
		</div>
		
		<xf:submitrow submit="{{ phrase('continue') }}" id="editor_math_submit" />
	</div>
</form>]]></template>
  <template type="public" title="CMTV_Math_js" version_id="3000170" version_string="3.0.1"><![CDATA[<xf:include template="CMTV_Math_macros" />

<script>
	const CMTV_MATH_RENDER_OPTIONS =
	{
		//
		// Delimiters for math
		//
		"delimiters":
		[
			{left: "[imath]", right: "[/imath]", display: false},
			{left: "[math]",  right: "[/math]", display: true}
		],

		//
		// Disable math rendering
		//
		"ignoredClasses":
		[
			"fr-wrapper", 	// In Froala editor
			"username"		// In usernames
		],

		"macros": CMTV_MATH_MACROS // See CMTV_Math_macros template
	};
	
	(function ($, document)
	{	
		$(document).on('xf:reinit', function (e)
		{
			renderMathInElement(document.body, CMTV_MATH_RENDER_OPTIONS);
		});
	})
	(jQuery, document);
</script>]]></template>
  <template type="public" title="CMTV_Math_katex" version_id="1000070" version_string="1.0.0"><![CDATA[<link rel="stylesheet" href="https://cdn.jsdelivr.net/npm/katex@0.12.0/dist/katex.min.css" crossorigin="anonymous">

<script defer src="https://cdn.jsdelivr.net/npm/katex@0.12.0/dist/katex.min.js" crossorigin="anonymous"></script>
<script defer src="https://cdn.jsdelivr.net/npm/katex@0.12.0/dist/contrib/auto-render.min.js" crossorigin="anonymous"></script>]]></template>
  <template type="public" title="CMTV_Math_macros" version_id="1000070" version_string="1.0.0"><![CDATA[<script>
const CMTV_MATH_MACROS =
{
	//
	// Your custom math shortcuts and macroses goes below
	//
	
	// Shortcut example (short version to write limit for sequences, where n goes to infinity)
	//"\\limn":   "\\lim\\limits_{n\\to\\infty}",
	
	// Macros with one parameter example (floor of the number)
	//"\\floor":  "\\left\\lfloor #1 \\right\\rfloor",
};
</script>]]></template>
</templates>
