<?xml version="1.0" encoding="utf-8"?>
<options>
  <option option_id="CMTV_Math_mathjax_configuration" edit_format="textbox" data_type="string">
    <default_value>TeX-MML-AM_CHTML</default_value>
    <relation group_id="CMTV_Math" display_order="10"/>
  </option>
  <option option_id="CMTV_Math_mathjax_displayAlign" edit_format="radio" data_type="string">
    <default_value>center</default_value>
    <edit_format_params>left={{ phrase('CMTV_Math_left') }}
center={{ phrase('CMTV_Math_center') }}
right={{ phrase('CMTV_Math_right') }}</edit_format_params>
    <relation group_id="CMTV_Math" display_order="30"/>
  </option>
  <option option_id="CMTV_Math_mathjax_messageStyle" edit_format="radio" data_type="string">
    <default_value>none</default_value>
    <edit_format_params>normal={{ phrase('CMTV_Math_normal') }}
simple={{ phrase('CMTV_Math_simple') }}
none={{ phrase('CMTV_Math_none') }}</edit_format_params>
    <relation group_id="CMTV_Math" display_order="20"/>
  </option>
  <option option_id="CMTV_Math_mathjax_showMathMenu" edit_format="onoff" data_type="boolean">
    <default_value>1</default_value>
    <relation group_id="CMTV_Math" display_order="40"/>
  </option>
  <option option_id="CMTV_Math_renderPositions" edit_format="template" data_type="array">
    <default_value>{"where":"positions","positions":{"titles":1,"content":1,"pages":1,"signatures":1,"about":1}}</default_value>
    <edit_format_params>option_template_CMTV_Math_renderPositions</edit_format_params>
    <sub_options>where
positions</sub_options>
    <relation group_id="CMTV_Math" display_order="100"/>
  </option>
  <option option_id="CMTV_Math_renderSelectors" edit_format="callback" data_type="array" validation_class="CMTV\Math\Option\SelectorsArray" validation_method="verifyOption">
    <default_value>[]</default_value>
    <edit_format_params>CMTV\Math\Option\SelectorsArray::renderOption</edit_format_params>
    <sub_options>*</sub_options>
    <relation group_id="CMTV_Math" display_order="200"/>
  </option>
  <option option_id="CMTV_Math_skipSelectors" edit_format="callback" data_type="array" validation_class="CMTV\Math\Option\SelectorsArray" validation_method="verifyOption">
    <default_value>[]</default_value>
    <edit_format_params>CMTV\Math\Option\SelectorsArray::renderOption</edit_format_params>
    <sub_options>*</sub_options>
    <relation group_id="CMTV_Math" display_order="300"/>
  </option>
</options>
