<?xml version="1.0" encoding="utf-8"?>
<phrases>
  <phrase title="CMTV_Math_block" version_id="2010070" version_string="2.1.0"><![CDATA[Block]]></phrase>
  <phrase title="CMTV_Math_center" version_id="2010070" version_string="2.1.0"><![CDATA[Center]]></phrase>
  <phrase title="CMTV_Math_in_certain_positions" version_id="2010070" version_string="2.1.0"><![CDATA[In certain positions]]></phrase>
  <phrase title="CMTV_Math_incorrect_latex_input" version_id="2010070" version_string="2.1.0"><![CDATA[Incorrect LaTeX input!]]></phrase>
  <phrase title="CMTV_Math_inline" version_id="2010070" version_string="2.1.0"><![CDATA[Inline]]></phrase>
  <phrase title="CMTV_Math_insert_math" version_id="2010070" version_string="2.1.0"><![CDATA[Insert math]]></phrase>
  <phrase title="CMTV_Math_latex_input" version_id="2010070" version_string="2.1.0"><![CDATA[LaTeX input]]></phrase>
  <phrase title="CMTV_Math_latex_input_explain" version_id="2010070" version_string="2.1.0"><![CDATA[<a href="https://en.wikibooks.org/wiki/LaTeX/Mathematics#Symbols" target="_blank">How to use LaTeX?</a>]]></phrase>
  <phrase title="CMTV_Math_left" version_id="2010070" version_string="2.1.0"><![CDATA[Left]]></phrase>
  <phrase title="CMTV_Math_math" version_id="2010070" version_string="2.1.0"><![CDATA[Math]]></phrase>
  <phrase title="CMTV_Math_none" version_id="2010070" version_string="2.1.0"><![CDATA[None]]></phrase>
  <phrase title="CMTV_Math_normal" version_id="2010070" version_string="2.1.0"><![CDATA[Normal]]></phrase>
  <phrase title="CMTV_Math_position_content" version_id="2010070" version_string="2.1.0"><![CDATA[Content]]></phrase>
  <phrase title="CMTV_Math_position_signatures" version_id="2010070" version_string="2.1.0"><![CDATA[Signatures]]></phrase>
  <phrase title="CMTV_Math_position_titles" version_id="2010070" version_string="2.1.0"><![CDATA[Titles]]></phrase>
  <phrase title="CMTV_Math_preview" version_id="2010070" version_string="2.1.0"><![CDATA[Preview]]></phrase>
  <phrase title="CMTV_Math_render_everywhere_hint" version_id="2010070" version_string="2.1.0"><![CDATA[Be careful with this option as it will enable math rendering absolutely everywhere on the page, including usernames, links, buttons and so on.]]></phrase>
  <phrase title="CMTV_Math_right" version_id="2010070" version_string="2.1.0"><![CDATA[Right]]></phrase>
  <phrase title="CMTV_Math_selector" version_id="2010070" version_string="2.1.0"><![CDATA[Selector]]></phrase>
  <phrase title="CMTV_Math_simple" version_id="2010070" version_string="2.1.0"><![CDATA[Simple]]></phrase>
  <phrase title="CMTV_Math_start_typing_math" version_id="2010070" version_string="2.1.0"><![CDATA[Start typing math in "LaTeX input" field]]></phrase>
  <phrase title="CMTV_Math_type" version_id="2010070" version_string="2.1.0"><![CDATA[Type]]></phrase>
  <phrase title="CMTV_Math_type_explain" version_id="2010070" version_string="2.1.0"><![CDATA[Block math is bigger and should be used for big equations and formulas. It also creates line breaks before and after. Inline math is smaller and should be used inside the text.]]></phrase>
  <phrase title="option.CMTV_Math_mathjax_configuration" version_id="2010070" version_string="2.1.0"><![CDATA[MathJax configuration]]></phrase>
  <phrase title="option.CMTV_Math_mathjax_displayAlign" version_id="2010070" version_string="2.1.0"><![CDATA[Block math align]]></phrase>
  <phrase title="option.CMTV_Math_mathjax_messageStyle" version_id="2010070" version_string="2.1.0"><![CDATA[MathJax messages style]]></phrase>
  <phrase title="option.CMTV_Math_mathjax_showMathMenu" version_id="2010070" version_string="2.1.0"><![CDATA[Show MathJax menu]]></phrase>
  <phrase title="option.CMTV_Math_renderPositions" version_id="2010070" version_string="2.1.0"><![CDATA[Render math]]></phrase>
  <phrase title="option.CMTV_Math_renderSelectors" version_id="2010070" version_string="2.1.0"><![CDATA[Additional render selectors]]></phrase>
  <phrase title="option.CMTV_Math_skipSelectors" version_id="2010070" version_string="2.1.0"><![CDATA[Ignore math in selectors]]></phrase>
  <phrase title="option_explain.CMTV_Math_mathjax_configuration" version_id="2010070" version_string="2.1.0"><![CDATA[<a href="http://docs.mathjax.org/en/latest/config-files.html#combined-configurations" target="_blank">A list of available configurations</a><br><br>
<div class="blockMessage blockMessage--iconic blockMessage--important" style="margin: 0 2px;">
<b>Make sure you fully understand what you are doing when changing this!</b><br>
You may need to change MathJax configuration in <code>CMTV_Math_MathJax</code> template.
</div>]]></phrase>
  <phrase title="option_explain.CMTV_Math_mathjax_displayAlign" version_id="2010070" version_string="2.1.0"><![CDATA[]]></phrase>
  <phrase title="option_explain.CMTV_Math_mathjax_messageStyle" version_id="2010070" version_string="2.1.0"><![CDATA[This value controls the verbosity of MathJax messages in the lower left-hand corner.
<ul>
<li><strong>Normal</strong> — showing full file name or the percentage of the mathematics processed</li>
<li><strong>Simple</strong> — messages are shorter</li>
<li><strong>None</strong> — no messages at all</li>
</ul>]]></phrase>
  <phrase title="option_explain.CMTV_Math_mathjax_showMathMenu" version_id="2010070" version_string="2.1.0"><![CDATA[If enabled, right-clicking (on Windows or Linux) or control-clicking (on Mac OS X) will produce a MathJax menu that allows you to get the source of the mathematics in various formats, change the size of the mathematics relative to the surrounding text, get information about MathJax, and configure other MathJax settings.]]></phrase>
  <phrase title="option_explain.CMTV_Math_renderPositions" version_id="2010070" version_string="2.1.0"><![CDATA[]]></phrase>
  <phrase title="option_explain.CMTV_Math_renderSelectors" version_id="2010070" version_string="2.1.0"><![CDATA[Type jQuery selector. This can be an element ID, class or their combination. For example: "<code>div.foo [name=bar]</code>" will find elements with <code>name="bar"</code> attribute inside a "div" element with "foo" class.<br><br>
<strong>Math in render selectors content will be rendered anyways but not in ignored child elements!</strong>]]></phrase>
  <phrase title="option_explain.CMTV_Math_skipSelectors" version_id="2010070" version_string="2.1.0"><![CDATA[Type jQuery selector. This can be an element ID, class or their combination. For example: "<code>div.foo [name=bar]</code>" will find elements with <code>name="bar"</code> attribute inside a "div" element with "foo" class.]]></phrase>
  <phrase title="option_group.CMTV_Math" version_id="2010070" version_string="2.1.0"><![CDATA[Math]]></phrase>
  <phrase title="option_group_description.CMTV_Math" version_id="2010070" version_string="2.1.0"><![CDATA[Where to render math and MathJax configuration options.]]></phrase>
</phrases>
